URL,review_content,summary_insights
https://www.angi.com/companylist/us/tx/argyle/texas-house-detectives-reviews-7999829.htm,Although most of the issues were not safety concerns and were not issues that had to be fixed before moving into the house having his detailed inspection report gave us peace of mind that we were not likely to have surprises in the first year of ownership and it gave us a wonderful bargaining tool to negotiate the price of the repairs off of the home's selling price. I can't say enough about this inspector I am so grateful! As it turned out the owners were unwilling to reduce the price of the home or make the repairs and we had to walk away from the deal. The inspector saved us from walking into something unprepared and made me realize that if I ever sell a home I will have the home inspected before I put it on the market so that I can know what the issues are that need to be resolved before it goes into negotiation with the buyer! I would highly highly recommend this inspector!!,"1. Summary:
The reviewer highly recommends the inspector due to the detailed report provided. The report outlined issues that, while not safety concerns, were significant enough to be used as a bargaining tool in negotiating the house's selling price. Ultimately, the reviewer had to walk away from the deal as the owners were unwilling to reduce the price or make the repairs. The reviewer appreciated the inspector's thoroughness and plans to use such a service prior to selling a home in the future.

2. Insights:
   - The detailed inspection report provided by the inspector served as a beneficial tool for negotiating the selling price of the home.
   - The inspector’s thoroughness prevented the reviewer from stepping into a potentially unfavorable deal.
   - The experience has made the reviewer realize the value of having an inspection done before putting a house on the market, to ensure any issues are resolved beforehand.
   - Despite the deal not going through, the reviewer highly recommends the inspector, indicating a high level of customer satisfaction."
,I am very pleased with the quality of work. My handyman was very friendly professional and extremely knowledgeable. He communicated very well and took the time to explain to me exactly what he was going to do and how he was going to do it. He took great care and pride to do the job right. He was a real pleasure to work with. He cleaned up after himself and made sure that everything was put back the way he found it. His price was very fair and I even gave him a little more because I thought he deserved it. I will definitely be using this pro's services for all projects in the future.,"1. Summary:
The reviewer expresses high satisfaction with the handyman's services, praising his professionalism, knowledge, and communication skills. They appreciated the carefulness and pride the handyman took in his work, his cleanliness, and fair pricing. The reviewer intends to engage his services for future projects.

2. Insights:
   - The handyman's professionalism and knowledge were highly appreciated.
   - Communication is key. Customers appreciate being informed about the work process.
   - Cleanliness and respect for the customer's space are crucial.
   - Fair pricing adds to customer satisfaction and can lead to extra rewards.
   - A positive experience can lead to repeat business."
https://www.angi.com/companylist/us/md/rosedale/that-kitchen-place-reviews-313341.htm,Working with a designer is definitely the way to go. Deb has so much experience and made so many dreams come true that all the tidbits she shared made all the difference from my having a cookie cutter big box store kitchen to one that's a showplace and a dream to work in... at the end of the day I feel I got much more than I paid for. The kitchen is everything I'd hoped for and more... I feel like I have had a knowledgeable friend by my side throughout this entire redo. I had someone who understood how the little things can make one crazy. Deb worked tirelessly to get everything perfect. (and so did her crew),"1. Summary:
The reviewer had a highly satisfactory experience working with a designer named Deb for their kitchen renovation. The designer's extensive experience and attention to detail transformed their kitchen from a standard design to a unique showpiece. The reviewer felt that the value they received exceeded the cost, and they appreciated Deb's understanding and effort to ensure perfection.

2. Insights:
   - The reviewer highly recommends working with a professional designer for home renovations, particularly for the added value and unique outcome they can provide.
   - Deb's extensive experience and knowledge were key factors in achieving a satisfactory result.
   - The reviewer appreciated the personal attention and effort Deb put into understanding their needs, ensuring even the minor details were taken care of.
   - The crew working with Deb also contributed significantly to achieving perfection in the project.
   - The reviewer felt supported throughout the process, indicating good customer service and communication from Deb."
https://www.angi.com/companylist/us/md/bethesda/marvel-homes-llc-reviews-2040169.htm,I was blown away by the experience of working with someone who is honest down to his bones cares about the quality of his work down to the smallest details is a phenomenally good carpenter with a small crew of stellar hard-working people he trained himself was spot-on with every time estimate and cost estimate - and for all of this is relaxed and warm at the same time.,"1. Summary: 
The reviewer had an exceptional experience working with a highly honest and detail-oriented carpenter. The carpenter and his small, well-trained crew were praised for their hard work and skill. The reviewer also appreciated the accurate time and cost estimates provided by the carpenter, who managed to maintain a relaxed and warm demeanor throughout the process.

2. Insights:
   - The carpenter is highly skilled and values the quality of his work, paying attention to even the smallest details.
   - The carpenter's honesty is highlighted as a key attribute.
   - The carpenter has a small but highly efficient and hard-working crew.
   - The carpenter provides accurate time and cost estimates.
   - Despite the demands of the work, the carpenter manages to maintain a relaxed and warm demeanor."
https://www.angi.com/companylist/us/or/beaverton/alex-freddi-construction-llc-reviews-247539.htm,Having someone with extensive work experience and knowledge in the area helped us tremendously as this was our first big remodel project. Alex walked us through the process provided detailed documentation on what to expect how to prepare for the remodel and patiently answered our (endless) questions before the remodel began.,"1. Summary:
The reviewer appreciated the expert guidance provided by Alex for their first big remodel project. Alex's extensive work experience, detailed documentation, and patience in answering all questions were specifically praised.

2. Insights:
    - Experts with extensive experience can provide significant help in big projects.
    - Providing a detailed process overview and setting expectations can enhance customer satisfaction.
    - Patience and readiness to answer customer questions, regardless of their number, is highly appreciated."
https://www.angi.com/companylist/us/fl/maitland/my-handy-craftsman-inc-reviews-6187996.htm,Excellent service excellent work and since there was time left over he started looking around for things he could help with...and found some! He sealed my shower and fixed the drywall where the water from the shower had leaked and bubbled the drywall and he repaired some siding that was slipping at the front of my house. I really appreciated his punctuality efficiency and professionalism. I would use them again. Actually I am accruing a whole list of chores for next time!,"1. Summary:
The reviewer commends the service they received, appreciating the provider's excellent work, punctuality, efficiency, and professionalism. They highlight the provider's initiative in finding and fixing additional issues, such as sealing the shower, repairing drywall, and fixing the house's siding.

2. Insights:
   - The service provider not only completed the tasks assigned but also took the initiative to find and fix additional problems, which was highly appreciated by the customer.
   - Punctuality, efficiency, and professionalism are qualities that the customer greatly values in a service provider.
   - The customer was satisfied enough to consider rehiring the service provider for future tasks, indicating a high level of satisfaction and trust in the provider's abilities."
https://www.angi.com/companylist/us/ny/penfield/observant-home-inspection-llc-reviews-8003975.htm,The inspector took me along during the inspection. He showed me what he was inspecting and explained any findings. Along the way he took the opportunity to point out various utility shut-offs. He identified and explained safety concerns he found as well. The inspection was quite thorough taking a little over two hours. A comprehensive report complete with many included photographs was provided later the same day. The service was well worth the cost.,"1. Summary: 
The reviewer had a positive experience with the inspector who was thorough and informative. The inspection took slightly over two hours, during which the inspector explained his findings, pointed out utility shut-offs, and highlighted safety concerns. A detailed report with photographs was provided on the same day. The reviewer found the service to be valuable for the cost.

2. Insights:
- The inspector engaged with the client during the inspection process, showing and explaining his work.
- The inspector didn't only focus on the inspection but also provided useful information about the property like pointing out utility shut-offs.
- Safety concerns were identified and explained, showing the inspector's thoroughness and concern for the client's wellbeing.
- The inspection was comprehensive and took a significant amount of time, indicating a detailed approach.
- A detailed report, inclusive of photographs, was delivered swiftly on the same day, contributing to customer satisfaction.
- The reviewer perceived the service as being worth the cost, indicating a positive evaluation of the value for money."
https://www.angi.com/companylist/us/tx/magnolia/houston-inspections-reviews-7513126.htm,"Outstanding. Highest possible recommendation. I accompanied Shawn on the inspection. He was extremely thorough and professional. He found several significant defects that would have been very expensive to remediate post-drywall as well as a large number of ""punchlist"" type items a number of which could have been significant if they had not been fixed at this stage of construction. The fee was reasonable and paid for itself several times over with the repairs that were made.","1. Summary:
The reviewer highly recommends Shawn for his thorough and professional inspection services. Shawn identified several substantial defects as well as numerous minor issues in the early stage of construction, saving the reviewer from potential costly future remediations. The fee was deemed reasonable as the cost of repairs that were averted significantly outweighed it.

2. Insights:
   - Shawn's inspection is extremely thorough, capable of identifying both significant defects and minor 'punchlist' items.
   - His services are professional, demonstrating expertise in assessing the stage of construction.
   - The cost of Shawn's service is reasonable and is considered a good investment, as it can prevent costly repairs down the line.
   - Shawn's inspection can be crucial at the early stages of construction, preventing potential future issues."
https://www.angi.com/companylist/us/fl/cooper-city/hi-safety-first-corp-reviews-3751025.htm,David met my husband at the house. He walked my husband through the entire inspection. He identified some very costly repairs. He had all the necessary equipment to test for moisture and thermal heat. He explained everything to my husband that was found and was very professional. He also brought in a roofing specialist and a specialist for termites. Once he completed the inspection he sent us a report that included details about what he found and pictures.,"1. Summary:
The reviewer's husband had a positive experience with David, who conducted a thorough home inspection. David was able to identify several costly repairs, used specialized equipment for moisture and thermal heat testing, and maintained professional demeanor throughout. He also brought in experts for roofing and termite issues. After the inspection, a detailed report with findings and photos was promptly sent.

2. Insights:
   - David's thoroughness and professionalism are highly appreciated.
   - David uses specialized equipment in his inspections, which can detect issues related to moisture and thermal heat.
   - He has access to experts in specific fields like roofing and termite control, which contributes to comprehensive inspections.
   - David is communicative about his findings and provides a detailed report with images post-inspection. This comprehensive communication could be beneficial for customers to understand the condition of their property."
https://www.angi.com/companylist/us/ny/churchville/schultz-and-sons-contracting-reviews-7459640.htm,Always my first phone call when something goes wrong... Which it always does in a new house. Can't recommend them enough. They are polite attentive always ready to answer questions during the process and are very good at explaining what needs to be done and why to fix the problem. They are always sensitive to what the repair or project will cost and check in to make sure I'm comfortable with repair/materials costs. Completely trustworthy. I'm relieved I found them after purchasing my new home.,"1. Summary:
The reviewer highly recommends the company for their exceptional service. They appreciate the company's prompt response, politeness, attentiveness, and thorough explanations of the repair process. The reviewer also commends the company for being cost-sensitive and trustworthy.

2. Insights:
    - The company is the first contact when an issue arises in the reviewer's house.
    - The company's staff are polite and attentive, always ready to answer queries during the repair process.
    - The company effectively communicates what needs to be done and why to fix a problem.
    - The company is considerate about the costs of repair or project, ensuring that the customer is comfortable with it.
    - The company is deemed completely trustworthy by the reviewer.
    - The reviewer is relieved to have found the company after buying their new home."
"Cooley Home Repair, 11 Years Experience, Minneapolis, Minnesota",I'd say mainly smaller contracts. Usually I'm in and out of people's houses in two to six hours. My main marketing ploy right now is telling people to get their honey-do list together so that I can complete it all in one day...The most popular ones are usually light fixture replacements faucet replacements and painting. Painting is a lot of my work. (Note: Also mentions new sink cabinet repair and countertop replacement later) ,"1. Summary:
The reviewer primarily handles smaller contracts, typically completed within two to six hours. They typically help with household tasks, encouraging customers to create a ""honey-do"" list that they can finish in one day. The most common tasks are light fixture replacements, faucet replacements, and painting, with painting being a significant portion of their work. They also do sink cabinet repair and countertop replacement.

2. Insights:
    - The reviewer specializes in quick, small-scale projects.
    - They encourage customers to compile a list of tasks to be completed in one visit, increasing efficiency and convenience for the customer.
    - Painting is a frequently requested service, indicating a strong skill set in this area.
    - Light fixture replacements and faucet replacements are common tasks, suggesting practical skills in basic home repairs.
    - They also offer more specific services like sink cabinet repair and countertop replacement."
"Cooley Home Repair, 11 Years Experience, Minneapolis, Minnesota",Homeowners for the most part don't know how their house works. The the one way that I like to distinguish it for them is anything that's outside of the walls that you can see and touch is fair game for a handyman but anything within the walls and inside of them is something you would need to call a licensed technician for...I've had customers that wanted licensed plumbers to change a faucet which the unfortunate thing is they can change it but they're going to charge you exponentially more money than a handyman will.,"1. Summary:
The review discusses the difference between the tasks suitable for a handyman and those that require a licensed technician. The reviewer suggests that visible and touchable parts outside of house walls are within a handyman's purview, while tasks inside the walls typically require a licensed technician. The reviewer also notes that homeowners often wrongly hire licensed technicians for simple tasks like changing a faucet, which costs them more than hiring a handyman.

2. Insights:
   - Homeowners often don't understand the division of labor between handymen and licensed technicians.
   - Tasks outside and on the visible parts of the walls can generally be handled by a handyman.
   - Tasks inside the walls usually require a licensed technician.
   - Homeowners can save money by hiring a handyman for simple tasks like changing a faucet, rather than opting for a licensed plumber."
"Cooley Home Repair, 11 Years Experience, Minneapolis, Minnesota",I actually go by the hour and I break it down in 15-minute increments but it's $75 an hour. It's the same way it's just it continues hourly after...it's nice to keep it simple for the customers... clients will call me for one-off small projects where they're going to have to pay that two-hour minimum even if it takes me 15 to 20 minutes and I'm in and out of the house. So I always like to tell people to get you know a small list together just so that they're not paying for that extra time for no reason unless they absolutely need to.,"1. Summary:
The reviewer offers services at a rate of $75 per hour, with the flexibility to break that down into 15-minute increments. They implement a two-hour minimum charge, but encourage clients to compile a small list of tasks to make the most of this time. The reviewer positions this pricing approach as a way to keep things simple for their customers.

2. Insights:
    - The reviewer has a straightforward and flexible pricing strategy that can adapt to smaller tasks.
    - There's a two-hour minimum charge in place, which might not be cost-effective for very small tasks.
    - The reviewer encourages customers to prepare a list of tasks ahead of time to maximize the value they get from the minimum charge. 
    - This pricing model seems to be suitable for clients with one-off small projects. 
    - The reviewer prioritizes customer understanding and ease in their pricing model."
"Cooley Home Repair, 11 Years Experience, Minneapolis, Minnesota",Concrete concrete work and decks. Decks people think that you can hire a handyman for but it actually does likely require contractors in most states.,"1. Summary:
The review discusses the necessity of hiring contractors for concrete and deck work, suggesting that these tasks are often more complex than people assume and may not be suitable for a handyman.

2. Insights:
   - Concrete work and building decks require specialized skills and are typically done by contractors.
   - There may be legal requirements in many states that such work should be done by licensed contractors, not handymen.
   - This information is important for customers to ensure they hire the right professional for the job and adhere to local regulations. Professionals should be aware of this to understand their potential market and competition."
"Home Experts, LLC, 39 Years Experience, Carmel, Indiana",,"I'm sorry, but you haven't provided a review for me to summarize and extract insights from. Could you please provide the text of the review?"
"True North Home Inspections, 3 Years Experience, Keene, New Hampshire",The most common problems we come across in people’s homes are in regards to roofing mold and the foundation. Those are the three biggies we come across.,"1. Summary:
The review discusses the most frequent issues encountered in people's homes, which are related to roofing, mold, and foundation problems.

2. Insights:
   - Roofing issues are a common problem in homes.
   - Mold is another usual problem found in homes.
   - Foundation issues are also frequently observed.
   - These three areas (roofing, mold, and foundation) should be a priority when conducting home maintenance or inspections."
"True North Home Inspections, 3 Years Experience, Keene, New Hampshire",Usually the confusion comes near the end because we have pointed out so much stuff both good and bad that homeowners just feel overwhelmed. And that's when I also have to stop and say with the size of this home and what we found your reports going to be about 80 pages...So don't feel like you have to memorize everything because you don't. It'll all be in the report.,"1. Summary:
The reviewer mentions a common issue of homeowners feeling overwhelmed by the amount of information provided during the home review process. They assure homeowners that all findings will be comprehensively documented in a report, which is likely to be around 80 pages given the size of the home and the scope of the issues found.

2. Insights:
    - Homeowners often feel overwhelmed by the amount of information provided during the home review process.
    - The reviewer emphasizes the importance of a detailed report to document all findings, alleviating the need for homeowners to remember everything.
    - The size of the home and the number of issues found can significantly impact the length of the report."
